{
    "key": "group_601d9044c839f",
    "title": "Board Member",
    "fields": [
        {
            "key": "field_601d90a8e8626",
            "label": "Office",
            "name": "office",
            "aria-label": "",
            "type": "select",
            "instructions": "Make selection",
            "required": 1,
            "conditional_logic": 0,
            "wrapper": {
                "width": "",
                "class": "",
                "id": ""
            },
            "choices": {
                "None": "None",
                "Member": "Member",
                "President": "President",
                "Vice-President": "Vice-President",
                "Secretary": "Secretary",
                "Secretary-Treasurer": "Secretary-Treasurer",
                "Treasurer": "Treasurer"
            },
            "default_value": "None",
            "return_format": "value",
            "multiple": 0,
            "allow_null": 0,
            "allow_in_bindings": 1,
            "ui": 0,
            "ajax": 0,
            "placeholder": "",
            "create_options": 0,
            "save_options": 0
        },
        {
            "key": "field_647c7c2fc8969",
            "label": "HOA Email Assigned",
            "name": "hoa_email",
            "aria-label": "",
            "type": "select",
            "instructions": "Enter the account name of the HOA email assigned",
            "required": 0,
            "conditional_logic": 0,
            "wrapper": {
                "width": "",
                "class": "",
                "id": ""
            },
            "choices": {
                "none": "none",
                "president": "president",
                "vp": "vp",
                "secretary": "secretary",
                "treasurer": "treasurer",
                "director1": "director1",
                "director2": "director2",
                "director3": "director3",
                "director4": "director4"
            },
            "default_value": false,
            "return_format": "value",
            "multiple": 0,
            "allow_null": 0,
            "ui": 0,
            "ajax": 0,
            "placeholder": "",
            "create_options": 0,
            "save_options": 0
        },
        {
            "key": "field_601d9116e8627",
            "label": "Area Representation",
            "name": "area_representation",
            "aria-label": "",
            "type": "select",
            "instructions": "Make a selection",
            "required": 0,
            "conditional_logic": 0,
            "wrapper": {
                "width": "",
                "class": "",
                "id": ""
            },
            "choices": {
                "None": "None",
                "The Villages": "The Villages",
                "The Crossings": "The Crossings",
                "The Overlook": "The Overlook",
                "The Estates": "The Estates",
                "At Large": "At Large"
            },
            "default_value": false,
            "return_format": "value",
            "multiple": 0,
            "allow_null": 0,
            "ui": 0,
            "ajax": 0,
            "placeholder": "",
            "create_options": 0,
            "save_options": 0
        },
        {
            "key": "field_601d9b17b18da",
            "label": "Term Expiration",
            "name": "term_expiration",
            "aria-label": "",
            "type": "select",
            "instructions": "Select last year of term",
            "required": 1,
            "conditional_logic": 0,
            "wrapper": {
                "width": "",
                "class": "",
                "id": ""
            },
            "choices": {
                "2024": 2024,
                "2025": 2025,
                "2026": 2026,
                "2027": 2027,
                "2028": 2028
            },
            "default_value": false,
            "return_format": "value",
            "multiple": 0,
            "allow_null": 0,
            "ui": 0,
            "ajax": 0,
            "placeholder": "",
            "create_options": 0,
            "save_options": 0
        },
        {
            "key": "field_65733c58c300d",
            "label": "Personal Email Address",
            "name": "personal_email",
            "aria-label": "",
            "type": "email",
            "instructions": "",
            "required": 0,
            "conditional_logic": 0,
            "wrapper": {
                "width": "",
                "class": "",
                "id": ""
            },
            "default_value": "",
            "placeholder": "",
            "prepend": "",
            "append": ""
        },
        {
            "key": "field_673a00671580b",
            "label": "Address",
            "name": "address",
            "aria-label": "",
            "type": "text",
            "instructions": "",
            "required": 0,
            "conditional_logic": 0,
            "wrapper": {
                "width": "",
                "class": "",
                "id": ""
            },
            "default_value": "",
            "maxlength": "",
            "allow_in_bindings": 0,
            "placeholder": "",
            "prepend": "",
            "append": ""
        },
        {
            "key": "field_63e9457919826",
            "label": "Phone Number",
            "name": "phone_number",
            "aria-label": "",
            "type": "text",
            "instructions": "",
            "required": 0,
            "conditional_logic": [
                [
                    {
                        "field": "field_601d90a8e8626",
                        "operator": "!=",
                        "value": "None"
                    }
                ]
            ],
            "wrapper": {
                "width": "",
                "class": "",
                "id": ""
            },
            "default_value": "",
            "maxlength": "",
            "placeholder": "",
            "prepend": "",
            "append": ""
        },
        {
            "key": "field_601da9d06d22c",
            "label": "Photo",
            "name": "photo",
            "aria-label": "",
            "type": "image",
            "instructions": "",
            "required": 0,
            "conditional_logic": 0,
            "wrapper": {
                "width": "",
                "class": "",
                "id": ""
            },
            "return_format": "array",
            "preview_size": "medium",
            "library": "all",
            "min_width": "",
            "min_height": "",
            "min_size": "",
            "max_width": "",
            "max_height": "",
            "max_size": "",
            "mime_types": "JPG, JPEG, GIF, PNG"
        }
    ],
    "location": [
        [
            {
                "param": "user_role",
                "operator": "==",
                "value": "subscriber"
            }
        ],
        [
            {
                "param": "user_role",
                "operator": "==",
                "value": "administrator"
            }
        ]
    ],
    "menu_order": 0,
    "position": "normal",
    "style": "seamless",
    "label_placement": "top",
    "instruction_placement": "label",
    "hide_on_screen": [
        "permalink",
        "the_content",
        "excerpt",
        "discussion",
        "comments",
        "revisions",
        "slug",
        "author",
        "format",
        "page_attributes",
        "categories",
        "tags",
        "send-trackbacks"
    ],
    "active": true,
    "description": "",
    "show_in_rest": 0,
    "modified": 1749922595
}
