{
    "key": "group_682b55e15381a",
    "title": "Issues Tracking",
    "fields": [
        {
            "key": "field_682b5653e0fa0",
            "label": "Type Issue",
            "name": "type_issue",
            "aria-label": "",
            "type": "select",
            "instructions": "",
            "required": 0,
            "conditional_logic": 0,
            "wrapper": {
                "width": "",
                "class": "",
                "id": ""
            },
            "choices": {
                "compliance": "Compliance",
                "complaint": "Complaint",
                "inquiry": "Inquiry",
                "hoa": "HOA-issue"
            },
            "default_value": "compliance",
            "return_format": "value",
            "multiple": 0,
            "allow_null": 0,
            "allow_in_bindings": 0,
            "ui": 0,
            "ajax": 0,
            "placeholder": "",
            "create_options": 0,
            "save_options": 0
        },
        {
            "key": "field_682b58f1e0fa6",
            "label": "Status",
            "name": "status",
            "aria-label": "",
            "type": "select",
            "instructions": "",
            "required": 0,
            "conditional_logic": 0,
            "wrapper": {
                "width": "",
                "class": "",
                "id": ""
            },
            "choices": {
                "open": "Open New",
                "ongoing": "Ongoing",
                "followup": "F\/U Later",
                "closed": "Closed"
            },
            "default_value": "open",
            "return_format": "value",
            "multiple": 0,
            "allow_null": 0,
            "allow_in_bindings": 0,
            "ui": 0,
            "ajax": 0,
            "placeholder": "",
            "create_options": 0,
            "save_options": 0
        },
        {
            "key": "field_682b55e1e0f9f",
            "label": "Posted Date",
            "name": "posted_date",
            "aria-label": "",
            "type": "date_picker",
            "instructions": "",
            "required": 0,
            "conditional_logic": 0,
            "wrapper": {
                "width": "",
                "class": "",
                "id": ""
            },
            "display_format": "m\/d\/Y",
            "return_format": "m\/d\/Y",
            "first_day": 0,
            "allow_in_bindings": 0
        },
        {
            "key": "field_682b5735e0fa1",
            "label": "Lot No",
            "name": "lot_no",
            "aria-label": "",
            "type": "select",
            "instructions": "",
            "required": 0,
            "conditional_logic": 0,
            "wrapper": {
                "width": "",
                "class": "",
                "id": ""
            },
            "choices": {
                "n\/a": "N\/A",
                "1": "1 - Richard & Judy Sawyers, 2755 Baywater Court",
                "2": "2 - Pauline Hill, 2743 Baywater Court",
                "3": "3 - Randy & Janae Kegeris, 2731 Baywater Court",
                "4": "4 - Larry & Pam Turner, 2719 Baywater Court",
                "5": "5 - Bryan & Lori Thorne, 2720 Baywater Court"
            },
            "default_value": "n\/a",
            "return_format": "value",
            "multiple": 0,
            "allow_null": 0,
            "allow_in_bindings": 0,
            "ui": 0,
            "ajax": 0,
            "placeholder": "",
            "create_options": 0,
            "save_options": 0
        },
        {
            "key": "field_682b5829e0fa2",
            "label": "Description",
            "name": "description",
            "aria-label": "",
            "type": "textarea",
            "instructions": "",
            "required": 0,
            "conditional_logic": 0,
            "wrapper": {
                "width": "",
                "class": "",
                "id": ""
            },
            "default_value": "",
            "maxlength": "",
            "allow_in_bindings": 0,
            "rows": "",
            "placeholder": "",
            "new_lines": ""
        },
        {
            "key": "field_682b5866e0fa3",
            "label": "Action Log",
            "name": "action_log",
            "aria-label": "",
            "type": "repeater",
            "instructions": "",
            "required": 0,
            "conditional_logic": 0,
            "wrapper": {
                "width": "",
                "class": "",
                "id": ""
            },
            "layout": "table",
            "pagination": 0,
            "min": 0,
            "max": 0,
            "collapsed": "",
            "button_label": "Add Row",
            "rows_per_page": 20,
            "sub_fields": [
                {
                    "key": "field_682b5884e0fa4",
                    "label": "Log Date",
                    "name": "log_date",
                    "aria-label": "",
                    "type": "date_picker",
                    "instructions": "",
                    "required": 0,
                    "conditional_logic": 0,
                    "wrapper": {
                        "width": "",
                        "class": "",
                        "id": ""
                    },
                    "display_format": "m\/d\/Y",
                    "return_format": "m\/d\/Y",
                    "first_day": 0,
                    "allow_in_bindings": 0,
                    "parent_repeater": "field_682b5866e0fa3"
                },
                {
                    "key": "field_682b58a7e0fa5",
                    "label": "Entry",
                    "name": "entry",
                    "aria-label": "",
                    "type": "textarea",
                    "instructions": "",
                    "required": 0,
                    "conditional_logic": 0,
                    "wrapper": {
                        "width": "",
                        "class": "",
                        "id": ""
                    },
                    "default_value": "",
                    "maxlength": "",
                    "allow_in_bindings": 0,
                    "rows": "",
                    "placeholder": "",
                    "new_lines": "",
                    "parent_repeater": "field_682b5866e0fa3"
                }
            ]
        }
    ],
    "location": [
        [
            {
                "param": "post_type",
                "operator": "==",
                "value": "issue"
            }
        ]
    ],
    "menu_order": 0,
    "position": "normal",
    "style": "default",
    "label_placement": "top",
    "instruction_placement": "label",
    "hide_on_screen": "",
    "active": true,
    "description": "",
    "show_in_rest": 0,
    "modified": 1748028945
}
