{
    "key": "group_6304e570eb1aa",
    "title": "Homeowner Requests",
    "fields": [
        {
            "key": "field_6304e6103b4f6",
            "label": "Property",
            "name": "property",
            "aria-label": "",
            "type": "select",
            "instructions": "",
            "required": 1,
            "conditional_logic": 0,
            "wrapper": {
                "width": "",
                "class": "",
                "id": ""
            },
            "choices": {
                "Lot 1 | Richard & Judy Sawyers | 2755 Baywater Court": "Lot 1 - Richard & Judy Sawyers, 2755 Baywater Court",
                "Lot 2 | Pauline Hill | 2743 Baywater Court": "Lot 2 - Pauline Hill, 2743 Baywater Court",
                "Lot 3 | Randy & Janae Kegeris | 2731 Baywater Court": "Lot 3 - Randy & Janae Kegeris, 2731 Baywater Court",
                "Lot 4 | Larry & Pam Turner | 2719 Baywater Court": "Lot 4 - Larry & Pam Turner, 2719 Baywater Court",
                "Lot 5 | Bryan & Lori Thorne | 2720 Baywater Court": "Lot 5 - Bryan & Lori Thorne, 2720 Baywater Court",
                "Lot 6 | Anthony & Jaquelyn Comella | 2732 Baywater Court": "Lot 6 - Anthony & Jaquelyn Comella, 2732 Baywater Court",
                "Lot 7 | Jere & Janet Neely | 2750 Baywater Court": "Lot 7 - Jere & Janet Neely, 2750 Baywater Court",
                "Lot 8 | Jean & Bob Pharis | 2786 Bloomsbury North": "Lot 8 - Jean & Bob Pharis, 2786 Bloomsbury North",
                "Lot 9 | Stephen & Courtney Worley | 2798 Bloomsbury North": "Lot 9 - Stephen & Courtney Worley, 2798 Bloomsbury North",
                "Lot 10 | James & Jamie Todd | 2810 Bloomsbury North": "Lot 10 - James & Jamie Todd, 2810 Bloomsbury North",
                "Lot 11 | Steven & Tina Gorman | 2822 Bloomsbury North": "Lot 11 - Steven & Tina Gorman, 2822 Bloomsbury North",
                "Lot 12 | Charles & Valerie Hiles | 2834 Bloomsbury North": "Lot 12 - Charles & Valerie Hiles, 2834 Bloomsbury North",
                "Lot 13 | Jason & Nicole Knight | 2846 Bloomsbury North": "Lot 13 - Jason & Nicole Knight, 2846 Bloomsbury North",
                "Lot 14 | Steve & Linda Ennis | 2858 Bloomsbury North": "Lot 14 - Steve & Linda Ennis, 2858 Bloomsbury North",
                "Lot 15 | Mary & Kevin Wadsworth | 2870 Bloomsbury North": "Lot 15 - Mary & Kevin Wadsworth, 2870 Bloomsbury North",
                "Lot 16 | Robert & Alexander Fitzgerald | 2882 Bloomsbury North": "Lot 16 - Robert & Alexander Fitzgerald, 2882 Bloomsbury North",
                "Lot 17 | Judy Allen & Joseph Hubbard  | 5512 Bloomsbury Court": "Lot 17 - Judy Allen & Joseph Hubbard , 5512 Bloomsbury Court",
                "Lot 18 | Jeremy & Misty Spitler | 5524 Bloomsbury Court": "Lot 18 - Jeremy & Misty Spitler, 5524 Bloomsbury Court",
                "Lot 19 | Joel & Nicole Lesher | 5536 Bloomsbury Court": "Lot 19 - Joel & Nicole Lesher, 5536 Bloomsbury Court",
                "Lot 20 | James & Dawn Eichelberger | 5523 Bloomsbury Court": "Lot 20 - James & Dawn Eichelberger, 5523 Bloomsbury Court",
                "Lot 21 | Edgar Martinez | 5511 Bloomsbury Court": "Lot 21 - Edgar Martinez, 5511 Bloomsbury Court",
                "Lot 22 | Charles & Kim Wright | 2927 Bloomsbury South": "Lot 22 - Charles & Kim Wright, 2927 Bloomsbury South",
                "Lot 23 | Michael & Kelly McGill | 2915 Bloomsbury South": "Lot 23 - Michael & Kelly McGill, 2915 Bloomsbury South",
                "Lot 24 | Brad & Stephaine Kramer | 2903 Bloomsbury South": "Lot 24 - Brad & Stephaine Kramer, 2903 Bloomsbury South",
                "Lot 25 | Ruth Ansel | 2891 Bloomsbury South": "Lot 25 - Ruth Ansel, 2891 Bloomsbury South",
                "Lot 26 | William & Terri Hilliard | 2879 Bloomsbury South": "Lot 26 - William & Terri Hilliard, 2879 Bloomsbury South",
                "Lot 27 | Cody & Kirsten Fowler | 2867 Bloomsbury South": "Lot 27 - Cody & Kirsten Fowler, 2867 Bloomsbury South",
                "Lot 28 | Stephen & Pamela Powell | 2855 Bloomsbury South": "Lot 28 - Stephen & Pamela Powell, 2855 Bloomsbury South",
                "Lot 29 | Tom & Sharyl Arthur | 2843 Bloomsbury South": "Lot 29 - Tom & Sharyl Arthur, 2843 Bloomsbury South",
                "Lot 30 | Jeff & Kim Peters | 2831 Bloomsbury South": "Lot 30 - Jeff & Kim Peters, 2831 Bloomsbury South",
                "Lot 31 | Natividad Butoc-Ward | 2819 Bloomsbury South": "Lot 31 - Natividad Butoc-Ward, 2819 Bloomsbury South",
                "Lot 32 | Aaron & Audrey Moore | 2807 Bloomsbury South": "Lot 32 - Aaron & Audrey Moore, 2807 Bloomsbury South",
                "Lot 33 | Zachary & Jennifer Newport | 2832 Bloomsbury South": "Lot 33 - Zachary & Jennifer Newport, 2832 Bloomsbury South",
                "Lot 34 | Jeffrey & Kelli Knapp  | 2868 Bloomsbury South": "Lot 34 - Jeffrey & Kelli Knapp , 2868 Bloomsbury South",
                "Lot 35 | Lisa & Andy Bauermeister | 2880 Bloomsbury South": "Lot 35 - Lisa & Andy Bauermeister, 2880 Bloomsbury South",
                "Lot 36 | Nicholas & Emilee Arens | 2920 Bloomsbury South": "Lot 36 - Nicholas & Emilee Arens, 2920 Bloomsbury South",
                "Lot 37 | Bruce & Marcene Hensley | 2889 Bloomsbury North": "Lot 37 - Bruce & Marcene Hensley, 2889 Bloomsbury North",
                "Lot 38 | Deborah Boyer & David Koren | 2857 Bloomsbury North": "Lot 38 - Deborah Boyer & David Koren, 2857 Bloomsbury North",
                "Lot 39 | Kathleen McClellan | 2845 Bloomsbury North": "Lot 39 - Kathleen McClellan, 2845 Bloomsbury North",
                "Lot 40 | Paul E. Feltman | 2833 Bloomsbury North": "Lot 40 - Paul E. Feltman, 2833 Bloomsbury North",
                "Lot 41 | Jason King | 2802 Bloomsbury South": "Lot 41 - Jason King, 2802 Bloomsbury South",
                "Lot 42 | David & Kathy Pittman | 2795 Bloomsbury South": "Lot 42 - David & Kathy Pittman, 2795 Bloomsbury South",
                "Lot 43 | Ronald & Crystal Ballard | 2773 Bloomsbury N Drive": "Lot 43 - Ronald & Crystal Ballard, 2773 Bloomsbury N Drive",
                "Lot 44 | Mark & Catherine Cutler | 2761 Bloomsbury N Drive": "Lot 44 - Mark & Catherine Cutler, 2761 Bloomsbury N Drive",
                "Lot 45 | Michael & Lauren King | 5531 Chancery Blvd.": "Lot 45 - Michael & Lauren King, 5531 Chancery Blvd.",
                "Lot 46 | William & Shirley Gilvin | 5519 Chancery Blvd.": "Lot 46 - William & Shirley Gilvin, 5519 Chancery Blvd.",
                "Lot 47 | Larry Ziliak | 5507 Chancery Blvd": "Lot 47 - Larry Ziliak, 5507 Chancery Blvd",
                "Lot 48 | Scott & Jennifer Plumlee | 5495 Chancery Blvd": "Lot 48 - Scott & Jennifer Plumlee, 5495 Chancery Blvd",
                "Lot 49 | Carissa Barina & Scott Bacon | 5483 Chancery Blvd": "Lot 49 - Carissa Barina & Scott Bacon, 5483 Chancery Blvd",
                "Lot 50 | Daniel & Brenda Gay | 5471 Chancery Blvd": "Lot 50 - Daniel & Brenda Gay, 5471 Chancery Blvd",
                "Lot 51 | Mike & Brittany Conner | 5459 Chancery Blvd.": "Lot 51 - Mike & Brittany Conner, 5459 Chancery Blvd.",
                "Lot 52 | Timothy & Linda Richardson | 2880 Coventry Lane": "Lot 52 - Timothy & Linda Richardson, 2880 Coventry Lane",
                "Lot 58 | Cung Cin Thang & Dely Nier | 2892 Coventry Lane": "Lot 58 - Cung Cin Thang & Dely Nier, 2892 Coventry Lane",
                "Lot 59 | Jeremiah & Diane Haver | 2904 Coventry Lane": "Lot 59 - Jeremiah & Diane Haver, 2904 Coventry Lane",
                "Lot 60 | John & Amanda Schnake | 2916 Coventry Lane": "Lot 60 - John & Amanda Schnake, 2916 Coventry Lane",
                "Lot 61 | Timothy Crump | 2928 Coventry Lane": "Lot 61 - Timothy Crump, 2928 Coventry Lane",
                "Lot 62 | Raju & Padmaja Nadimpalli  | 2940 Coventry Lane": "Lot 62 - Raju & Padmaja Nadimpalli , 2940 Coventry Lane",
                "Lot 63 | Desiree Shadley | 2952 Coventry Lane": "Lot 63 - Desiree Shadley, 2952 Coventry Lane",
                "Lot 64 | Vaidehi Dongre | 2964 Coventry Lane": "Lot 64 - Vaidehi Dongre, 2964 Coventry Lane",
                "Lot 65 | Gary & Bonnie Buckley | 2976 Coventry Lane": "Lot 65 - Gary & Bonnie Buckley, 2976 Coventry Lane",
                "Lot 66 | Doug & Laura Delafield | 2988 Coventry Lane": "Lot 66 - Doug & Laura Delafield, 2988 Coventry Lane",
                "Lot 67 | Anthony & Heather Dieterle | 2985 Abbotsbury Court": "Lot 67 - Anthony & Heather Dieterle, 2985 Abbotsbury Court",
                "Lot 68 | James & Kelly Aucremanne | 2973 Abbotsbury Court": "Lot 68 - James & Kelly Aucremanne, 2973 Abbotsbury Court",
                "Lot 69 | Adam & Caitlyn Nowak | 2961 Abbotsbury Court": "Lot 69 - Adam & Caitlyn Nowak, 2961 Abbotsbury Court",
                "Lot 70 | Kimberly Curry | 2949 Abbotsbury Court": "Lot 70 - Kimberly Curry, 2949 Abbotsbury Court",
                "Lot 71 | Daniel & Danielle Mulvaney | 2937 Abbotsbury Court": "Lot 71 - Daniel & Danielle Mulvaney, 2937 Abbotsbury Court",
                "Lot 72 | Keith Wright | 2925 Abbotsbury Court": "Lot 72 - Keith Wright, 2925 Abbotsbury Court",
                "Lot 73 | John & Karen Kearney | 2913 Abbotsbury Court": "Lot 73 - John & Karen Kearney, 2913 Abbotsbury Court",
                "Lot 74 | George & Melinda Hill | 2901 Abbotsbury Court": "Lot 74 - George & Melinda Hill, 2901 Abbotsbury Court",
                "Lot 75 | Matthew & Amy Dafforn | 2889 Abbotsbury Court": "Lot 75 - Matthew & Amy Dafforn, 2889 Abbotsbury Court",
                "Lot 76 | Michael & Lori Bowling | 2900 Abbotsbury Court": "Lot 76 - Michael & Lori Bowling, 2900 Abbotsbury Court",
                "Lot 77 | Joshua & Samantha Perry | 2912 Abbotsbury Court ": "Lot 77 - Joshua & Samantha Perry, 2912 Abbotsbury Court ",
                "Lot 78 | John & Shannon Jansen | 2924 Abbotsbury Court": "Lot 78 - John & Shannon Jansen, 2924 Abbotsbury Court",
                "Lot 79 | David & Beverly Butler  | 2936 Abbotsbury Court": "Lot 79 - David & Beverly Butler , 2936 Abbotsbury Court",
                "Lot 80 | Michael & Jennifer Courtney | 2948 Abbotsbury Court": "Lot 80 - Michael & Jennifer Courtney, 2948 Abbotsbury Court",
                "Lot 81 | Tony & Amy Harvey | 2960 Abbotsbury Court": "Lot 81 - Tony & Amy Harvey, 2960 Abbotsbury Court",
                "Lot 82 | Jeffery & Larryssa Shockley | 2972 Abbotsbury Court": "Lot 82 - Jeffery & Larryssa Shockley, 2972 Abbotsbury Court",
                "Lot 83 | Christopher & Erin Severns | 2984 Abbotsbury Court": "Lot 83 - Christopher & Erin Severns, 2984 Abbotsbury Court",
                "Lot 84 | Susan McComb & Lawrence Mordan | 5504 Westbourne Court": "Lot 84 - Susan McComb & Lawrence Mordan, 5504 Westbourne Court",
                "Lot 85 | Adam & Heather Faust | 5516 Westbourne Court": "Lot 85 - Adam & Heather Faust, 5516 Westbourne Court",
                "Lot 86 | Anthony & Andrea Hardrick | 5528 Westbourne Court": "Lot 86 - Anthony & Andrea Hardrick, 5528 Westbourne Court",
                "Lot 87 | John & Angie McLain | 5541 Westbourne Court": "Lot 87 - John & Angie McLain, 5541 Westbourne Court",
                "Lot 88 | Jeff & Sharon Sauter | 5529 Westbourne Court": "Lot 88 - Jeff & Sharon Sauter, 5529 Westbourne Court",
                "Lot 89 | Collin & Jennifer Fultz   | 5517 Westbourne Court": "Lot 89 - Collin & Jennifer Fultz  , 5517 Westbourne Court",
                "Lot 90 | Yong Hui & Xiong Lin Huang | 3002 Aldwych Court": "Lot 90 - Yong Hui & Xiong Lin Huang, 3002 Aldwych Court",
                "Lot 91 | John T. Teney & Leah E. Moravec | 3014 Aldwych Court": "Lot 91 - John T. Teney & Leah E. Moravec, 3014 Aldwych Court",
                "Lot 92 | Corin Marshall | 3026 Aldwych Court": "Lot 92 - Corin Marshall, 3026 Aldwych Court",
                "Lot 93 | Tushar & Roopa Lothe | 3038 Aldwych Court": "Lot 93 - Tushar & Roopa Lothe, 3038 Aldwych Court",
                "Lot 94 | Brad & Jolynda Wilson | 3050 Aldwych Court": "Lot 94 - Brad & Jolynda Wilson, 3050 Aldwych Court",
                "Lot 95 | Thomas & Rebecca Collet | 3037 Aldwych Court": "Lot 95 - Thomas & Rebecca Collet, 3037 Aldwych Court",
                "Lot 96 | Brian R. Barchman | 3025 Aldwych Court": "Lot 96 - Brian R. Barchman, 3025 Aldwych Court",
                "Lot 97 | Sandra & Jesse Carrasquillo | 3013 Aldwych Court": "Lot 97 - Sandra & Jesse Carrasquillo, 3013 Aldwych Court",
                "Lot 98 | Damian & Racheal Turner | 3001 Aldwych Court": "Lot 98 - Damian & Racheal Turner, 3001 Aldwych Court",
                "Lot 99 | Mike & Amy Klinker | 5467 Westbourne Court": "Lot 99 - Mike & Amy Klinker, 5467 Westbourne Court",
                "Lot 100 | Jeff & Charity Welch | 5455 Westbourne Court": "Lot 100 - Jeff & Charity Welch, 5455 Westbourne Court",
                "Lot 101 | Brian & Emily Winklemann | 3022 Coventry Lane": "Lot 101 - Brian & Emily Winklemann, 3022 Coventry Lane",
                "Lot 102 | Keith & Piper Groppel | 3034 Coventry Lane": "Lot 102 - Keith & Piper Groppel, 3034 Coventry Lane",
                "Lot 103 | Nathaniel & Kami Jones | 3046 Coventry Lane": "Lot 103 - Nathaniel & Kami Jones, 3046 Coventry Lane",
                "Lot 104 | Trevor & Kimberly Moreno | 3058 Coventry Lane": "Lot 104 - Trevor & Kimberly Moreno, 3058 Coventry Lane",
                "Lot 105 | Scott & Kelly LeMasters | 3070 Coventry Lane": "Lot 105 - Scott & Kelly LeMasters, 3070 Coventry Lane",
                "Lot 106 | Tamara & Nicholas Kuntz | 3082 Coventry Lane": "Lot 106 - Tamara & Nicholas Kuntz, 3082 Coventry Lane",
                "Lot 107 | Terry & Becky Weddle | 3094 Coventry Lane": "Lot 107 - Terry & Becky Weddle, 3094 Coventry Lane",
                "Lot 108 | Carol & John Miller | 3095 Coventry lane": "Lot 108 - Carol & John Miller, 3095 Coventry lane",
                "Lot 109 | Michael & Constance Medlock | 3083 Coventry Lane": "Lot 109 - Michael & Constance Medlock, 3083 Coventry Lane",
                "Lot 110 | Conrad & Susan Wong | 3071 Coventry Lane": "Lot 110 - Conrad & Susan Wong, 3071 Coventry Lane",
                "Lot 111 | Bradley & Janeen Bostick | 3059 Coventry Lane": "Lot 111 - Bradley & Janeen Bostick, 3059 Coventry Lane",
                "Lot 112 | Lanny & Angela Sledge | 3047 Coventry Lane": "Lot 112 - Lanny & Angela Sledge, 3047 Coventry Lane",
                "Lot 113 | William & Shalynn Adams | 3023 Coventry Lane": "Lot 113 - William & Shalynn Adams, 3023 Coventry Lane",
                "Lot 114 | Brian & Karen Shoulta | 3011 Coventry Lane": "Lot 114 - Brian & Karen Shoulta, 3011 Coventry Lane",
                "Lot 115 | Stephen & Kristin York | 2999 Coventry Lane": "Lot 115 - Stephen & Kristin York, 2999 Coventry Lane",
                "Lot 116 | Gregory & Connie Basco | 2987 Coventry Lane": "Lot 116 - Gregory & Connie Basco, 2987 Coventry Lane",
                "Lot 117 | Graham Chumley & Hanna Reed | 5433 Ashby Court": "Lot 117 - Graham Chumley & Hanna Reed, 5433 Ashby Court",
                "Lot 118 | Jeffery & Julie Stanley | 5432 Ashby Court": "Lot 118 - Jeffery & Julie Stanley, 5432 Ashby Court",
                "Lot 119 | Ryan & Erin Cripe | 2939 Coventry Lane": "Lot 119 - Ryan & Erin Cripe, 2939 Coventry Lane",
                "Lot 120 | Joel & Charity Flores | 2927 Coventry Lane": "Lot 120 - Joel & Charity Flores, 2927 Coventry Lane",
                "Lot 121 | Kenneth & Gwen Hale | 2915 Coventry Lane": "Lot 121 - Kenneth & Gwen Hale, 2915 Coventry Lane",
                "Lot 122 | Michael & Cindy Minett | 2903 Coventry Lane": "Lot 122 - Michael & Cindy Minett, 2903 Coventry Lane",
                "Lot 123 | John & Jill Voris | 2891 Coventry Lane ": "Lot 123 - John & Jill Voris, 2891 Coventry Lane ",
                "Lot 124 | Lesley Montel | 2879 Coventry Lane": "Lot 124 - Lesley Montel, 2879 Coventry Lane",
                "Lot 125 | Adkins Property, LLC | 5435 Chancery Blvd.": "Lot 125 - Adkins Property, LLC, 5435 Chancery Blvd.",
                "Lot 126 | Jeff & Lisa Jones | 5423 Chancery Blvd.": "Lot 126 - Jeff & Lisa Jones, 5423 Chancery Blvd.",
                "Lot 127 | James & Sheri O'Rani | 5411 Chancery Blvd.": "Lot 127 - James & Sheri O'Rani, 5411 Chancery Blvd.",
                "Lot 128 | Michael & Katherine Smith | 5399 Chancery Blvd.": "Lot 128 - Michael & Katherine Smith, 5399 Chancery Blvd.",
                "Lot 129 | William & Laurie Long | 5387 Chancery Blvd.": "Lot 129 - William & Laurie Long, 5387 Chancery Blvd.",
                "Lot 130 | Jim & Judy Hoban | 5375 Chancery Blvd.": "Lot 130 - Jim & Judy Hoban, 5375 Chancery Blvd.",
                "Lot 131 | Chuck & Garnet Rivera | 5363 Chancery Blvd.": "Lot 131 - Chuck & Garnet Rivera, 5363 Chancery Blvd.",
                "Lot 132 | Terry Bell | 5351 Chancery Blvd.": "Lot 132 - Terry Bell, 5351 Chancery Blvd.",
                "Lot 133 | Ramanan & Jyoti Kartik | 5339 Chancery Blvd.": "Lot 133 - Ramanan & Jyoti Kartik, 5339 Chancery Blvd.",
                "Lot 134 | Kevin & Megan Jones | 5327 Chancery Blvd.": "Lot 134 - Kevin & Megan Jones, 5327 Chancery Blvd.",
                "Lot 135 | Greg & Cheryl Cunningham | 5315 Chancery Blvd.": "Lot 135 - Greg & Cheryl Cunningham, 5315 Chancery Blvd.",
                "Lot 136 | John & Laura Lippert | 2888 Cromwell Court": "Lot 136 - John & Laura Lippert, 2888 Cromwell Court",
                "Lot 139 | Jeries & Tiffany Smirat | 5302 Camden Lane": "Lot 139 - Jeries & Tiffany Smirat, 5302 Camden Lane",
                "Lot 140 | Devon & Krystle Jacquin | 5314 Camden Lane": "Lot 140 - Devon & Krystle Jacquin, 5314 Camden Lane",
                "Lot 141 | Daniel & Megan Everett | 5326 Camden Lane": "Lot 141 - Daniel & Megan Everett, 5326 Camden Lane",
                "Lot 142 | David & Karen Lessard | 5338 Camden Lane": "Lot 142 - David & Karen Lessard, 5338 Camden Lane",
                "Lot 143 | Richard & Tracey Pomeroy | 5350 Camden Lane": "Lot 143 - Richard & Tracey Pomeroy, 5350 Camden Lane",
                "Lot 144 | Todd & Pamela Burris | 5362 Camden Lane": "Lot 144 - Todd & Pamela Burris, 5362 Camden Lane",
                "Lot 145 | Jason & Erin Fenker | 5374 Camden Lane": "Lot 145 - Jason & Erin Fenker, 5374 Camden Lane",
                "Lot 146 | Brooks & Mackenzie Chumley | 5386 Camden Lane": "Lot 146 - Brooks & Mackenzie Chumley, 5386 Camden Lane",
                "Lot 147 | Vandana & Chirag Patel | 5398 Camden Lane": "Lot 147 - Vandana & Chirag Patel, 5398 Camden Lane",
                "Lot 148 | Gregory Strock | 5410 Camden Lane": "Lot 148 - Gregory Strock, 5410 Camden Lane",
                "Lot 149 | Chip Reeves & Tracy Enochs | 5422 Camden Lane": "Lot 149 - Chip Reeves & Tracy Enochs, 5422 Camden Lane",
                "Lot 150 | Tim & Traci Tichenor | 5434 Camden Lane": "Lot 150 - Tim & Traci Tichenor, 5434 Camden Lane",
                "Lot 151 | Kenna Dallas | 5446 Camden Lane": "Lot 151 - Kenna Dallas, 5446 Camden Lane",
                "Lot 152 | Michael & Lynn Jones | 5458 Camden Lane": "Lot 152 - Michael & Lynn Jones, 5458 Camden Lane",
                "Lot 153 | Cameron & Rebecca Conkin | 5470 Camden Lane": "Lot 153 - Cameron & Rebecca Conkin, 5470 Camden Lane",
                "Lot 154 | Yogita Agrawal | 5482 Camden Lane": "Lot 154 - Yogita Agrawal, 5482 Camden Lane",
                "Lot 155 | Michelle & Dylan Murphy | 5506 Camden Lane": "Lot 155 - Michelle & Dylan Murphy, 5506 Camden Lane",
                "Lot 156 | Jeffrey & Susan Rayner | 5518 Camden Lane": "Lot 156 - Jeffrey & Susan Rayner, 5518 Camden Lane",
                "Lot 157 | Brian & Jill Brames | 5530 Camden Lane": "Lot 157 - Brian & Jill Brames, 5530 Camden Lane",
                "Lot 158 | Brad & Leslie Ritter | 5542 Camden Lane": "Lot 158 - Brad & Leslie Ritter, 5542 Camden Lane",
                "Lot 159 | Eugene & Lori Kogut | 5554 Camden Lane": "Lot 159 - Eugene & Lori Kogut, 5554 Camden Lane",
                "Lot 160 | Brent & Alexandra Kingen | 5541 Camden Lane": "Lot 160 - Brent & Alexandra Kingen, 5541 Camden Lane",
                "Lot 161 | John & Emily Cornpropst | 5529 Camden Lane": "Lot 161 - John & Emily Cornpropst, 5529 Camden Lane",
                "Lot 162 | Tino Marquez | 5517 Camden Lane": "Lot 162 - Tino Marquez, 5517 Camden Lane",
                "Lot 163 | James & Mary Johnson | 5505 Camden Lane": "Lot 163 - James & Mary Johnson, 5505 Camden Lane",
                "Lot 164 |  Heather & Ryan Beatty | 5385 Ashby Court": "Lot 164 -  Heather & Ryan Beatty, 5385 Ashby Court",
                "Lot 165 | Michael & Aimee Jones | 5373 Ashby Court": "Lot 165 - Michael & Aimee Jones, 5373 Ashby Court",
                "Lot 166 | Randy & Katherine Langdon | 5361 Ashby Court": "Lot 166 - Randy & Katherine Langdon, 5361 Ashby Court",
                "Lot 167 | Michael & Julie Donnell | 5349 Ashby Court": "Lot 167 - Michael & Julie Donnell, 5349 Ashby Court",
                "Lot 168 | Kyle & Christi Thompson | 5337 Ashby Court": "Lot 168 - Kyle & Christi Thompson, 5337 Ashby Court",
                "Lot 169 | Brian & Denise Hatch | 5324 Ashby Court": "Lot 169 - Brian & Denise Hatch, 5324 Ashby Court",
                "Lot 170 | Bennett Custom Homes, Inc | 5336 Ashby Court": "Lot 170 - Bennett Custom Homes, Inc, 5336 Ashby Court",
                "Lot 171 | Jason & Jennifer Hutchens | 5348 Ashby Court": "Lot 171 - Jason & Jennifer Hutchens, 5348 Ashby Court",
                "Lot 172 | KGLLC | 5370 Ashby Court": "Lot 172 - KGLLC, 5370 Ashby Court",
                "Lot 173 | Nyla McConnell | 5481 Camden Lane": "Lot 173 - Nyla McConnell, 5481 Camden Lane",
                "Lot 174 | Jennifer & Corey Stuart | 5469 Camden Lane": "Lot 174 - Jennifer & Corey Stuart, 5469 Camden Lane",
                "Lot 175 | KGLLC | 5457 Camden Lane": "Lot 175 - KGLLC, 5457 Camden Lane",
                "Lot 176 | KGLLC | 5421 Camden Lane": "Lot 176 - KGLLC, 5421 Camden Lane",
                "Lot 177 | Aaron & Erin Nikou | 5403 Camden Lane": "Lot 177 - Aaron & Erin Nikou, 5403 Camden Lane",
                "Lot 178 | Mickey & Melissa Lee | 5391 Camden Lane": "Lot 178 - Mickey & Melissa Lee, 5391 Camden Lane",
                "Lot 179 | Nicholas & Carmen Caplinger | 5379 Camden Lane": "Lot 179 - Nicholas & Carmen Caplinger, 5379 Camden Lane",
                "Lot 180 | Zach & Megan Duke | 2932 Camden Court": "Lot 180 - Zach & Megan Duke, 2932 Camden Court",
                "Lot 181 | Mark & Phyllis Faiman | 2944 Camden Court": "Lot 181 - Mark & Phyllis Faiman, 2944 Camden Court",
                "Lot 182 | Lisa & Steven Fath | 2956 Camden Court": "Lot 182 - Lisa & Steven Fath, 2956 Camden Court",
                "Lot 183 | Tracy & Stephen Watson | 2955 Camden Court": "Lot 183 - Tracy & Stephen Watson, 2955 Camden Court",
                "Lot 184 | Gary L. Murphy Jr. | 2943 Camden Court": "Lot 184 - Gary L. Murphy Jr., 2943 Camden Court",
                "Lot 185 | Jack & Joyce Nies | 5345 Camden Lane": "Lot 185 - Jack & Joyce Nies, 5345 Camden Lane",
                "Lot 186 | Chad & Jenna Dale | 5329 Camden Lane": "Lot 186 - Chad & Jenna Dale, 5329 Camden Lane",
                "Lot 187 | Malana & Josh White | 5317 Camden Lane": "Lot 187 - Malana & Josh White, 5317 Camden Lane",
                "Lot 188 | KGLLC | 5301 Camden Lane": "Lot 188 - KGLLC, 5301 Camden Lane",
                "Lot 189 | Tim & Jean Pavey | 2942 Cromwell Court": "Lot 189 - Tim & Jean Pavey, 2942 Cromwell Court",
                "Lot 190 | Stephanie & Jason Drake | 2954 Cromwell Court": "Lot 190 - Stephanie & Jason Drake, 2954 Cromwell Court",
                "Lot 191 | Jason & Candice Jarboe | 2966 Cromwell Court": "Lot 191 - Jason & Candice Jarboe, 2966 Cromwell Court",
                "Lot 192 | Aaron & Leslie Siems | 2977 Cromwell Court": "Lot 192 - Aaron & Leslie Siems, 2977 Cromwell Court",
                "Lot 193 | Timothy & Melissa Oliver | 2965 Cromwell Court": "Lot 193 - Timothy & Melissa Oliver, 2965 Cromwell Court",
                "Lot 194 | Jacob & Halee Kitchell | 2953 Cromwell Court": "Lot 194 - Jacob & Halee Kitchell, 2953 Cromwell Court",
                "Lot 195 | Douglas & Jill Werner | 2941 Cromwell Court": "Lot 195 - Douglas & Jill Werner, 2941 Cromwell Court",
                "Lot 196 | Bryan & Amanda Shotts | 2929 Cromwell Court": "Lot 196 - Bryan & Amanda Shotts, 2929 Cromwell Court",
                "Lot 197 | KGLLC | 2917 Cromwell Court": "Lot 197 - KGLLC, 2917 Cromwell Court",
                "Lot 198 | John & Carolyn Durbin | 2905 Cromwell Court": "Lot 198 - John & Carolyn Durbin, 2905 Cromwell Court",
                "Lot 200 | Fred & Chrystal Hornsby | 5291 Chancery Blvd.": "Lot 200 - Fred & Chrystal Hornsby, 5291 Chancery Blvd.",
                "Lot 201 | Lucinda Mohid | 5279 Chancery Blvd.": "Lot 201 - Lucinda Mohid, 5279 Chancery Blvd.",
                "Lot 202 | Padmini Pasam & Vinod Potturi | 2896 Nottinghill Way": "Lot 202 - Padmini Pasam & Vinod Potturi, 2896 Nottinghill Way",
                "Lot 203 | Richard & Debra Underwood | 2908 Nottinghill Way": "Lot 203 - Richard & Debra Underwood, 2908 Nottinghill Way",
                "Lot 204 | Pragneshkumar & Paritaben Radadiya | 2920 Nottinghill Way": "Lot 204 - Pragneshkumar & Paritaben Radadiya, 2920 Nottinghill Way",
                "Lot 205 | Anand & Sunita Kantak | 2932 Nottinghill Way": "Lot 205 - Anand & Sunita Kantak, 2932 Nottinghill Way",
                "Lot 206 | Richard & Nikol Cummings | 2944 Nottinghill Way": "Lot 206 - Richard & Nikol Cummings, 2944 Nottinghill Way",
                "Lot 207 | Derek & Heather Lunsford | 5231 Nottinghill Court ": "Lot 207 - Derek & Heather Lunsford, 5231 Nottinghill Court ",
                "Lot 208 | Brent & Camille Beeson | 5207 Nottinghill Court": "Lot 208 - Brent & Camille Beeson, 5207 Nottinghill Court",
                "Lot 209 | James D. & Colleen H. Barton | 5183 Nottinghill Court": "Lot 209 - James D. & Colleen H. Barton, 5183 Nottinghill Court",
                "Lot 210 | James D. & Colleen H. Barton | 5161 Nottinghill Court": "Lot 210 - James D. & Colleen H. Barton, 5161 Nottinghill Court",
                "Lot 211 | Alan R. & Kristi Smith | 5139 Nottinghill Court": "Lot 211 - Alan R. & Kristi Smith, 5139 Nottinghill Court",
                "Lot 212 | Kurt & Malia Casper | 5117 Nottinghill Court": "Lot 212 - Kurt & Malia Casper, 5117 Nottinghill Court",
                "Lot 213 | Brian & Sarah Waymire | 5095 Nottinghill Court": "Lot 213 - Brian & Sarah Waymire, 5095 Nottinghill Court",
                "Lot 214 | Michael Francis & Janet Klochko | 5073 Nottinghill Court": "Lot 214 - Michael Francis & Janet Klochko, 5073 Nottinghill Court",
                "Lot 215 | Wayne & Chris Nelis | 5051 Nottinghill Court": "Lot 215 - Wayne & Chris Nelis, 5051 Nottinghill Court",
                "Lot 216 | Andrew Kendall & Jamie Irwin | 5029 Nottinghill Court": "Lot 216 - Andrew Kendall & Jamie Irwin, 5029 Nottinghill Court",
                "Lot 217 | Carl & Ellen Stewart | 5030 Nottinghill Court": "Lot 217 - Carl & Ellen Stewart, 5030 Nottinghill Court",
                "Lot 218 | Antonio & Crystal Williams | 5052 Nottinghill Court ": "Lot 218 - Antonio & Crystal Williams, 5052 Nottinghill Court ",
                "Lot 219 | Robert & Aries Lowden | 5074 Nottinghill Court": "Lot 219 - Robert & Aries Lowden, 5074 Nottinghill Court",
                "Lot 220 | Jake & Lindsay Swift | 5096 Nottinghill Court": "Lot 220 - Jake & Lindsay Swift, 5096 Nottinghill Court",
                "Lot 221 | Darren & Jessica Bray | 5118 Nottinghill Court": "Lot 221 - Darren & Jessica Bray, 5118 Nottinghill Court",
                "Lot 222 | KGLLC | 5140 Nottinghill Court": "Lot 222 - KGLLC, 5140 Nottinghill Court",
                "Lot 223 | Nicholas Simulia & Leanne Hester | 2913 Aldersgate Dr.": "Lot 223 - Nicholas Simulia & Leanne Hester, 2913 Aldersgate Dr.",
                "Lot 224 | John & Brenda Lauffer | 2901 Aldersgate Dr.": "Lot 224 - John & Brenda Lauffer, 2901 Aldersgate Dr.",
                "Lot 225 | KGLLC | 2883 Aldersgate Drive": "Lot 225 - KGLLC, 2883 Aldersgate Drive",
                "Lot 226 | Jacob & Jena Goodwin | 5145 Chancery Blvd.": "Lot 226 - Jacob & Jena Goodwin, 5145 Chancery Blvd.",
                "Lot 227 | KGLLC | 5113 Chancery Blvd.": "Lot 227 - KGLLC, 5113 Chancery Blvd.",
                "Lot 228 | KGLLC | 5081 Chancery Blvd.": "Lot 228 - KGLLC, 5081 Chancery Blvd.",
                "Lot 229 | Srini & Madhovi Isanaka | 2898 Osterly Court": "Lot 229 - Srini & Madhovi Isanaka, 2898 Osterly Court",
                "Lot 230 | Daniel & Joanne Bartholomew | 2910 Osterly Court": "Lot 230 - Daniel & Joanne Bartholomew, 2910 Osterly Court",
                "Lot 231 | Antonio & Crystal Williams | 2922 Osterly Court": "Lot 231 - Antonio & Crystal Williams, 2922 Osterly Court",
                "Lot 232 | Victor Koons | 2911 Osterly Court": "Lot 232 - Victor Koons, 2911 Osterly Court",
                "Lot 233 | Jason & Rebecca Meisberger | 2899 Osterly Court": "Lot 233 - Jason & Rebecca Meisberger, 2899 Osterly Court",
                "Lot 234 | Marvin & Meggan Purdy | 2887 Osterly Court": "Lot 234 - Marvin & Meggan Purdy, 2887 Osterly Court",
                "Lot 235 | Philip Bryant & Niu Yan | 2875 Osterly Court": "Lot 235 - Philip Bryant & Niu Yan, 2875 Osterly Court",
                "Lot 236 | Chris & Valerie Lauffer | 5032 Chancery Blvd.": "Lot 236 - Chris & Valerie Lauffer, 5032 Chancery Blvd.",
                "Lot 237 | Steve & Jennifer Duffy | 2851 Camberly Court": "Lot 237 - Steve & Jennifer Duffy, 2851 Camberly Court",
                "Lot 238 | Brian & Krystal Rapp | 2839 Camberly Court": "Lot 238 - Brian & Krystal Rapp, 2839 Camberly Court",
                "Lot 239 | David & Anna Mandelbaum | 2840 Camberly Court": "Lot 239 - David & Anna Mandelbaum, 2840 Camberly Court",
                "Lot 240 | KGLLC | 2852 Camberly Court": "Lot 240 - KGLLC, 2852 Camberly Court",
                "Lot 241 | Rodney & Mary Jane Smith | 5128 Chancery Blvd.": "Lot 241 - Rodney & Mary Jane Smith, 5128 Chancery Blvd.",
                "Lot 242 | Russ & Amy McCabe | 5160 Chancery Blvd": "Lot 242 - Russ & Amy McCabe, 5160 Chancery Blvd",
                "Lot 243 | Ann Skillman | 5192 Chancery Blvd": "Lot 243 - Ann Skillman, 5192 Chancery Blvd",
                "Lot 244 | Dennis & Kristina Frazee | 2882 Aldersgate Dr.": "Lot 244 - Dennis & Kristina Frazee, 2882 Aldersgate Dr.",
                "Lot 245 | Suzanne & Stephen Carr | 2894 Aldersgate Dr.": "Lot 245 - Suzanne & Stephen Carr, 2894 Aldersgate Dr.",
                "Lot 246 | Saroj & Raji Seerum | 2906 Aldersgate Dr.": "Lot 246 - Saroj & Raji Seerum, 2906 Aldersgate Dr.",
                "Lot 247 | Mool & Meeta Vijayvargiya | 2918 Aldersgate Dr.": "Lot 247 - Mool & Meeta Vijayvargiya, 2918 Aldersgate Dr.",
                "Lot 248 | KGLLC | 2930 Aldersgate Dr.": "Lot 248 - KGLLC, 2930 Aldersgate Dr.",
                "Lot 249 | Justin & Carrie Wood | 5232 Nottinghill Court": "Lot 249 - Justin & Carrie Wood, 5232 Nottinghill Court",
                "Lot 250 | Theresa Cleveland | 2921 Nottinghill Way": "Lot 250 - Theresa Cleveland, 2921 Nottinghill Way",
                "Lot 251 | Brian & Margaret Moriarty | 2909 Nottinghill Way": "Lot 251 - Brian & Margaret Moriarty, 2909 Nottinghill Way",
                "Lot 252 | KGLLC | 2897 Nottinghill Way": "Lot 252 - KGLLC, 2897 Nottinghill Way",
                "Lot 253 | Dennis & Kristina Frazee | 5237 Chancery Blvd.": "Lot 253 - Dennis & Kristina Frazee, 5237 Chancery Blvd.",
                "Lot 254 | Adam Lickliter | 5224 Chancery Blvd.": "Lot 254 - Adam Lickliter, 5224 Chancery Blvd.",
                "Lot 255 | Andrew and Mary Snoddy | 2849 Haverstock Circle": "Lot 255 - Andrew and Mary Snoddy, 2849 Haverstock Circle",
                "Lot 256 | Eric & Alisa Rayel | 2837 Haverstock Circle": "Lot 256 - Eric & Alisa Rayel, 2837 Haverstock Circle",
                "Lot 257 | David & Tina Flaugher | 2848 Haverstock Circle": "Lot 257 - David & Tina Flaugher, 2848 Haverstock Circle",
                "Lot 258 | Jamie & Cody Medlock | 2860 Haverstock Circle": "Lot 258 - Jamie & Cody Medlock, 2860 Haverstock Circle",
                "Lot 259 | Raymond & Carolyn Ochs | 5278 Chancery Blvd.": "Lot 259 - Raymond & Carolyn Ochs, 5278 Chancery Blvd.",
                "Lot 260 | Jeff & Cheryl Heck | 2873 Shadwell Place": "Lot 260 - Jeff & Cheryl Heck, 2873 Shadwell Place",
                "Lot 261 | Michael & Deborah Hoopes | 2861 Shadwell Place": "Lot 261 - Michael & Deborah Hoopes, 2861 Shadwell Place",
                "Lot 262 | Patrick & Helga Scaringe | 2849 Shadwell Place": "Lot 262 - Patrick & Helga Scaringe, 2849 Shadwell Place",
                "Lot 263 | Deloris & George Cornett | 2837 Shadwell Place": "Lot 263 - Deloris & George Cornett, 2837 Shadwell Place",
                "Lot 264 | Jeremy & Dana Donaldson | 2825 Shadwell Place": "Lot 264 - Jeremy & Dana Donaldson, 2825 Shadwell Place",
                "Lot 265 | Brian & Christine Green | 2817 Shadwell Place": "Lot 265 - Brian & Christine Green, 2817 Shadwell Place",
                "Lot 266 | Scott & Debbie Fraser | 2811 Shadwell Place": "Lot 266 - Scott & Debbie Fraser, 2811 Shadwell Place",
                "Lot 267 | Dave & Harriet Henry | 5329 Shadwell Court": "Lot 267 - Dave & Harriet Henry, 5329 Shadwell Court",
                "Lot 268 | Amy Lather | 5317 Shadwell Court": "Lot 268 - Amy Lather, 5317 Shadwell Court",
                "Lot 269 | Kory & Amber Scaringe | 5304 Shadwell Court": "Lot 269 - Kory & Amber Scaringe, 5304 Shadwell Court",
                "Lot 270 | Jim Pangallo | 5316 Shadwell Court": "Lot 270 - Jim Pangallo, 5316 Shadwell Court",
                "Lot 271 | Matthew & Jenna Johnson | 5328 Shadwell Court": "Lot 271 - Matthew & Jenna Johnson, 5328 Shadwell Court",
                "Lot 272 | Matthew & Samantha Griffin | 2780 Coventry Lane": "Lot 272 - Matthew & Samantha Griffin, 2780 Coventry Lane",
                "Lot 273 | Sheng Xu | 2792 Coventry Lane": "Lot 273 - Sheng Xu, 2792 Coventry Lane",
                "Lot 274 | 2804 Coventry Land Trust | 2804 Coventry Lane": "Lot 274 - 2804 Coventry Land Trust, 2804 Coventry Lane",
                "Lot 275 | Christopher & Kristie Sinsabaugh | 2816 Coventry Lane": "Lot 275 - Christopher & Kristie Sinsabaugh, 2816 Coventry Lane",
                "Lot 276 | Jeffery & Amy Ready | 2828 Coventry Lane": "Lot 276 - Jeffery & Amy Ready, 2828 Coventry Lane",
                "Lot 277 | Nathan & Michelle Anderson | 2840 Coventry Lane": "Lot 277 - Nathan & Michelle Anderson, 2840 Coventry Lane",
                "Lot 278 | Emmanuel & Judith Sarpong | 2852 Coventry Lane": "Lot 278 - Emmanuel & Judith Sarpong, 2852 Coventry Lane",
                "Lot 279 | William & Christy Wieringa | 2864 Coventry Lane": "Lot 279 - William & Christy Wieringa, 2864 Coventry Lane",
                "Lot 280 | Anthony & Veronica Garces | 5458 Chancery Blvd.": "Lot 280 - Anthony & Veronica Garces, 5458 Chancery Blvd.",
                "Lot 281 | Michael Eades & Ashley McGinn | 5470 Chancery Blvd.": "Lot 281 - Michael Eades & Ashley McGinn, 5470 Chancery Blvd.",
                "Lot 282 | Keith & Vicki Riley | 5482 Chancery Blvd": "Lot 282 - Keith & Vicki Riley, 5482 Chancery Blvd",
                "Lot 283 | Rick & Katherine Hendrickson | 5494 Chancery Blvd.": "Lot 283 - Rick & Katherine Hendrickson, 5494 Chancery Blvd.",
                "Lot 284 | Harold & Mildred Stinson | 5506 Chancery Blvd.": "Lot 284 - Harold & Mildred Stinson, 5506 Chancery Blvd.",
                "Lot 285 | Christopher & Lori Hearne | 5518 Chancery Blvd.": "Lot 285 - Christopher & Lori Hearne, 5518 Chancery Blvd.",
                "Lot 286 | Richard & Shelley Lambert | 5530 Chancery Blvd.": "Lot 286 - Richard & Shelley Lambert, 5530 Chancery Blvd.",
                "Lot 287 | Gerry & Debra Steinhagen | 5554 Chancery Blvd.": "Lot 287 - Gerry & Debra Steinhagen, 5554 Chancery Blvd.",
                "Lot 288 | Charlie & Susan Garcia | 5566 Chancery Blvd.": "Lot 288 - Charlie & Susan Garcia, 5566 Chancery Blvd.",
                "Lot 289 | Brandyn & Tricia Ferguson | 2803 Coventry Lane": "Lot 289 - Brandyn & Tricia Ferguson, 2803 Coventry Lane",
                "Lot 290 | Kyle & Jessica Thomas | 2791 Coventry Lane": "Lot 290 - Kyle & Jessica Thomas, 2791 Coventry Lane",
                "Lot 291 | Sanjay & Dipti Vyas | 2767 Coventry Lane": "Lot 291 - Sanjay & Dipti Vyas, 2767 Coventry Lane",
                "Lot 292 | Sanjay & Dipti Vyas | 2814 Shadwell Place": "Lot 292 - Sanjay & Dipti Vyas, 2814 Shadwell Place",
                "Lot 293 | Abby Beall | 2826 Shadwell Place": "Lot 293 - Abby Beall, 2826 Shadwell Place",
                "Lot 294 | Bryan & Amanda Kilgore | 2838 Shadwell Place": "Lot 294 - Bryan & Amanda Kilgore, 2838 Shadwell Place",
                "Lot 295 | Chris & Catherine Muesing | 2850 Shadwell Place": "Lot 295 - Chris & Catherine Muesing, 2850 Shadwell Place",
                "Lot 296 | Jim & Andrea Cockrum | 2862 Shadwell Place": "Lot 296 - Jim & Andrea Cockrum, 2862 Shadwell Place",
                "Lot 297 | Gary & Lisa Hinderliter | 5362 Chancery Blvd.": "Lot 297 - Gary & Lisa Hinderliter, 5362 Chancery Blvd.",
                "Lot 298 | Paul & Alexandra Johnson | 5376 Chancery Blvd.": "Lot 298 - Paul & Alexandra Johnson, 5376 Chancery Blvd.",
                "Lot 299 | Jerod & Ashley Nelis | 5398 Travis Road": "Lot 299 - Jerod & Ashley Nelis, 5398 Travis Road",
                "Lot 300 | Robert & Cami Wright | 5402 Travis Road": "Lot 300 - Robert & Cami Wright, 5402 Travis Road",
                "Lot 301 | Justin & Tricia deMarco | 5406 Travis Road": "Lot 301 - Justin & Tricia deMarco, 5406 Travis Road",
                "Lot 302 | David Smalling & Kaye Lindsey | 5410 Travis Road": "Lot 302 - David Smalling & Kaye Lindsey, 5410 Travis Road",
                "Lot 303 | Scott & Belinda Lee | 5480 Travis Road": "Lot 303 - Scott & Belinda Lee, 5480 Travis Road",
                "Lot 304 | Scott & Kim Hendrick | 5484 Travis Road": "Lot 304 - Scott & Kim Hendrick, 5484 Travis Road",
                "Lot 305 | James & Debra Ignaut | 5532 Travis Road": "Lot 305 - James & Debra Ignaut, 5532 Travis Road",
                "Lot 306 | Robert & Jamie Patterson | 5536 Travis Road": "Lot 306 - Robert & Jamie Patterson, 5536 Travis Road",
                "Lot 307 | Andy Hippenmeyer | 5564 Travis Road": "Lot 307 - Andy Hippenmeyer, 5564 Travis Road",
                "Lot 308 | Mark & Deanne Meyers | 5568 Travis Road": "Lot 308 - Mark & Deanne Meyers, 5568 Travis Road",
                "Lot 309 | Tom & Tracy Beaumont | 5633 Stones Crossing Rd": "Lot 309 - Tom & Tracy Beaumont, 5633 Stones Crossing Rd",
                "Lot 310 | Ryan & Aimee White | 5635 Stones Crossing Rd": "Lot 310 - Ryan & Aimee White, 5635 Stones Crossing Rd"
            },
            "default_value": false,
            "allow_null": 0,
            "multiple": 0,
            "ui": 0,
            "return_format": "value",
            "ajax": 0,
            "placeholder": "",
            "create_options": 0,
            "save_options": 0
        },
        {
            "key": "field_6304e5e43b4f5",
            "label": "Submitted",
            "name": "submitted",
            "aria-label": "",
            "type": "date_picker",
            "instructions": "",
            "required": 1,
            "conditional_logic": 0,
            "wrapper": {
                "width": "",
                "class": "",
                "id": ""
            },
            "display_format": "m\/d\/Y",
            "return_format": "m\/d\/Y",
            "first_day": 0
        },
        {
            "key": "field_6304e57e3b4f4",
            "label": "Status",
            "name": "status",
            "aria-label": "",
            "type": "radio",
            "instructions": "",
            "required": 1,
            "conditional_logic": 0,
            "wrapper": {
                "width": "",
                "class": "",
                "id": ""
            },
            "choices": {
                "Under Review": "Under Review",
                "Pending": "Pending",
                "On Hold": "On Hold",
                "Canceled": "Canceled",
                "Awaiting Ratification": "Awaiting Ratification",
                "Completed": "Completed"
            },
            "default_value": "review",
            "return_format": "value",
            "allow_null": 0,
            "other_choice": 0,
            "layout": "horizontal",
            "save_other_choice": 0
        },
        {
            "key": "field_65426f33c66c6",
            "label": "Signoff Date",
            "name": "signoff_date",
            "aria-label": "",
            "type": "date_picker",
            "instructions": "Enter sign off date if proposal approved by presidential choice prior to meeting ratification.",
            "required": 0,
            "conditional_logic": [
                [
                    {
                        "field": "field_6304e57e3b4f4",
                        "operator": "==",
                        "value": "Awaiting Ratification"
                    }
                ]
            ],
            "wrapper": {
                "width": "",
                "class": "",
                "id": ""
            },
            "display_format": "m\/d\/Y",
            "return_format": "m\/d\/Y",
            "first_day": 0
        },
        {
            "key": "field_634d96c216980",
            "label": "Final Decision",
            "name": "final_decision",
            "aria-label": "",
            "type": "select",
            "instructions": "",
            "required": 0,
            "conditional_logic": [
                [
                    {
                        "field": "field_6304e57e3b4f4",
                        "operator": "==",
                        "value": "Canceled"
                    }
                ],
                [
                    {
                        "field": "field_6304e57e3b4f4",
                        "operator": "==",
                        "value": "Completed"
                    }
                ]
            ],
            "wrapper": {
                "width": "",
                "class": "",
                "id": ""
            },
            "choices": {
                "approved": "The request was Approved.",
                "denied": "The request was denied; not approved.",
                "dismissed": "The request was not considered."
            },
            "default_value": false,
            "return_format": "value",
            "multiple": 0,
            "allow_null": 0,
            "allow_in_bindings": 1,
            "ui": 0,
            "ajax": 0,
            "placeholder": "",
            "create_options": 0,
            "save_options": 0
        },
        {
            "key": "field_634da4aa2bffe",
            "label": "How was the decision made?",
            "name": "decision-process",
            "aria-label": "",
            "type": "select",
            "instructions": "",
            "required": 0,
            "conditional_logic": [
                [
                    {
                        "field": "field_6304e57e3b4f4",
                        "operator": "==",
                        "value": "Completed"
                    }
                ]
            ],
            "wrapper": {
                "width": "",
                "class": "",
                "id": ""
            },
            "choices": {
                "meeting": "Meeting vote decision.",
                "decree": "Signed approval; requires meeting ratification.",
                "ratified": "Online vote followed by meeting vote ratification."
            },
            "default_value": false,
            "return_format": "value",
            "multiple": 0,
            "allow_null": 0,
            "ui": 0,
            "ajax": 0,
            "placeholder": "",
            "create_options": 0,
            "save_options": 0
        },
        {
            "key": "field_6304e7753b4f9",
            "label": "Date Closed",
            "name": "closed",
            "aria-label": "",
            "type": "date_picker",
            "instructions": "",
            "required": 1,
            "conditional_logic": [
                [
                    {
                        "field": "field_6304e57e3b4f4",
                        "operator": "==",
                        "value": "Canceled"
                    }
                ],
                [
                    {
                        "field": "field_6304e57e3b4f4",
                        "operator": "==",
                        "value": "Completed"
                    }
                ]
            ],
            "wrapper": {
                "width": "",
                "class": "",
                "id": ""
            },
            "display_format": "m\/d\/Y",
            "return_format": "m\/d\/Y",
            "first_day": 0
        },
        {
            "key": "field_6304e7483b4f8",
            "label": "Comments",
            "name": "comments",
            "aria-label": "",
            "type": "repeater",
            "instructions": "Comments from the project administrator",
            "required": 0,
            "conditional_logic": 0,
            "wrapper": {
                "width": "",
                "class": "",
                "id": ""
            },
            "layout": "table",
            "pagination": 0,
            "min": 0,
            "max": 0,
            "collapsed": "",
            "button_label": "Add New Comment",
            "rows_per_page": 20,
            "sub_fields": [
                {
                    "key": "field_63136a223642b",
                    "label": "Date",
                    "name": "date",
                    "aria-label": "",
                    "type": "date_picker",
                    "instructions": "",
                    "required": 0,
                    "conditional_logic": 0,
                    "wrapper": {
                        "width": "",
                        "class": "",
                        "id": ""
                    },
                    "display_format": "m\/d\/Y",
                    "return_format": "m\/d\/Y",
                    "first_day": 0,
                    "parent_repeater": "field_6304e7483b4f8"
                },
                {
                    "key": "field_63136a3f3642c",
                    "label": "Comment",
                    "name": "comment",
                    "aria-label": "",
                    "type": "textarea",
                    "instructions": "",
                    "required": 0,
                    "conditional_logic": 0,
                    "wrapper": {
                        "width": "",
                        "class": "",
                        "id": ""
                    },
                    "default_value": "",
                    "placeholder": "",
                    "maxlength": "",
                    "rows": 3,
                    "new_lines": "br",
                    "parent_repeater": "field_6304e7483b4f8"
                }
            ]
        }
    ],
    "location": [
        [
            {
                "param": "post_type",
                "operator": "==",
                "value": "project"
            }
        ]
    ],
    "menu_order": 0,
    "position": "normal",
    "style": "default",
    "label_placement": "top",
    "instruction_placement": "label",
    "hide_on_screen": "",
    "active": true,
    "description": "",
    "show_in_rest": 0,
    "modified": 1749745740
}
